nome,nome_original,cidade,bairro,rua,tem_site,site,telefone_original,whatsapp_limpo,link_google_maps,mensagem_1_inicial,mensagem_2_preco_oferta,link_whatsapp_msg1,link_whatsapp_msg2
Dentistas,Dentistas Curitiba - Rede de Clínicas Odontológicas,Curitiba,Centro / Região,"Todos os produtos com garantia Entre em Contato Endereço Central Rua André de Barros, 626 Centro, Cu...",SITE ATIVO 📱,https://dentistas.curitiba.br/,(41) 98868-8164,5541988688164,https://www.google.com/maps/search/Dentistas%20Curitiba%20curitiba,"Olá, tudo bem? Meu nome é João, sou da agência Webfy. 🚀

Vi o perfil da Dentistas Curitiba aí em Curitiba no Google e vi que o site de vocês está um pouco desatualizado para celular.

Nós estamos selecionando 5 empresas na região para **GANHAR A CRIAÇÃO DE UM SITE NOVO 100% GRATUITO** para o nosso portfólio deste mês.

Já deixei uma demonstração pronta. Posso te mandar o link para você dar uma olhada sem compromisso?","Show! Como te falei, a **criação e o desenvolvimento do site saem 100% GRATUITOS** (você economiza cerca de R$ 2.000 que é o valor de mercado). 🎁

A única coisa necessária é a taxa anual de hospedagem e servidor (R$ 599/ano ou parcelado), que é a taxa padrão que todo site na internet precisa ter para ficar online no seu nome com domínio próprio (.com.br).

Incluso: Hospedagem rápida para celular, suporte, botão de WhatsApp e presença no Google!

Posso te mandar a prévia demonstrativa que fiz para a Dentistas Curitiba?",https://wa.me/5541988688164?text=Ol%C3%A1%2C%20tudo%20bem%3F%20Meu%20nome%20%C3%A9%20Jo%C3%A3o%2C%20sou%20da%20ag%C3%AAncia%20Webfy.%20%F0%9F%9A%80%0A%0AVi%20o%20perfil%20da%20Dentistas%20Curitiba%20a%C3%AD%20em%20Curitiba%20no%20Google%20e%20vi%20que%20o%20site%20de%20voc%C3%AAs%20est%C3%A1%20um%20pouco%20desatualizado%20para%20celular.%0A%0AN%C3%B3s%20estamos%20selecionando%205%20empresas%20na%20regi%C3%A3o%20para%20%2A%2AGANHAR%20A%20CRIA%C3%87%C3%83O%20DE%20UM%20SITE%20NOVO%20100%25%20GRATUITO%2A%2A%20para%20o%20nosso%20portf%C3%B3lio%20deste%20m%C3%AAs.%0A%0AJ%C3%A1%20deixei%20uma%20demonstra%C3%A7%C3%A3o%20pronta.%20Posso%20te%20mandar%20o%20link%20para%20voc%C3%AA%20dar%20uma%20olhada%20sem%20compromisso%3F,https://wa.me/5541988688164?text=Show%21%20Como%20te%20falei%2C%20a%20%2A%2Acria%C3%A7%C3%A3o%20e%20o%20desenvolvimento%20do%20site%20saem%20100%25%20GRATUITOS%2A%2A%20%28voc%C3%AA%20economiza%20cerca%20de%20R%24%202.000%20que%20%C3%A9%20o%20valor%20de%20mercado%29.%20%F0%9F%8E%81%0A%0AA%20%C3%BAnica%20coisa%20necess%C3%A1ria%20%C3%A9%20a%20taxa%20anual%20de%20hospedagem%20e%20servidor%20%28R%24%20599/ano%20ou%20parcelado%29%2C%20que%20%C3%A9%20a%20taxa%20padr%C3%A3o%20que%20todo%20site%20na%20internet%20precisa%20ter%20para%20ficar%20online%20no%20seu%20nome%20com%20dom%C3%ADnio%20pr%C3%B3prio%20%28.com.br%29.%0A%0AIncluso%3A%20Hospedagem%20r%C3%A1pida%20para%20celular%2C%20suporte%2C%20bot%C3%A3o%20de%20WhatsApp%20e%20presen%C3%A7a%20no%20Google%21%0A%0APosso%20te%20mandar%20a%20pr%C3%A9via%20demonstrativa%20que%20fiz%20para%20a%20Dentistas%20Curitiba%3F
Os Melhores Dentistas,"Os Melhores Dentistas em Curitiba, PR — WhatsApp | Achei o ...",Curitiba,Centro / Região,"Veja os dentistas mais bem avaliados em Curitiba, PR. Clareamento, implantes, ortodontia, limpeza, r...",SEM SITE (OPORTUNIDADE QUENTE 🔥),Sem Site Cadastrado,(41) 99503-1393,5541995031393,https://www.google.com/maps/search/Os%20Melhores%20Dentistas%20curitiba,"Olá, tudo bem? Meu nome é João, sou da agência Webfy. 🚀

Vi o perfil da Os Melhores Dentistas aí em Curitiba no Google e vi que vocês ainda não têm um site próprio para celular.

Nós estamos selecionando 5 empresas na região para **GANHAR A CRIAÇÃO DE UM SITE NOVO 100% GRATUITO** para o nosso portfólio deste mês.

Já deixei uma demonstração pronta. Posso te mandar o link para você dar uma olhada sem compromisso?","Show! Como te falei, a **criação e o desenvolvimento do site saem 100% GRATUITOS** (você economiza cerca de R$ 2.000 que é o valor de mercado). 🎁

A única coisa necessária é a taxa anual de hospedagem e servidor (R$ 599/ano ou parcelado), que é a taxa padrão que todo site na internet precisa ter para ficar online no seu nome com domínio próprio (.com.br).

Incluso: Hospedagem rápida para celular, suporte, botão de WhatsApp e presença no Google!

Posso te mandar a prévia demonstrativa que fiz para a Os Melhores Dentistas?",https://wa.me/5541995031393?text=Ol%C3%A1%2C%20tudo%20bem%3F%20Meu%20nome%20%C3%A9%20Jo%C3%A3o%2C%20sou%20da%20ag%C3%AAncia%20Webfy.%20%F0%9F%9A%80%0A%0AVi%20o%20perfil%20da%20Os%20Melhores%20Dentistas%20a%C3%AD%20em%20Curitiba%20no%20Google%20e%20vi%20que%20voc%C3%AAs%20ainda%20n%C3%A3o%20t%C3%AAm%20um%20site%20pr%C3%B3prio%20para%20celular.%0A%0AN%C3%B3s%20estamos%20selecionando%205%20empresas%20na%20regi%C3%A3o%20para%20%2A%2AGANHAR%20A%20CRIA%C3%87%C3%83O%20DE%20UM%20SITE%20NOVO%20100%25%20GRATUITO%2A%2A%20para%20o%20nosso%20portf%C3%B3lio%20deste%20m%C3%AAs.%0A%0AJ%C3%A1%20deixei%20uma%20demonstra%C3%A7%C3%A3o%20pronta.%20Posso%20te%20mandar%20o%20link%20para%20voc%C3%AA%20dar%20uma%20olhada%20sem%20compromisso%3F,https://wa.me/5541995031393?text=Show%21%20Como%20te%20falei%2C%20a%20%2A%2Acria%C3%A7%C3%A3o%20e%20o%20desenvolvimento%20do%20site%20saem%20100%25%20GRATUITOS%2A%2A%20%28voc%C3%AA%20economiza%20cerca%20de%20R%24%202.000%20que%20%C3%A9%20o%20valor%20de%20mercado%29.%20%F0%9F%8E%81%0A%0AA%20%C3%BAnica%20coisa%20necess%C3%A1ria%20%C3%A9%20a%20taxa%20anual%20de%20hospedagem%20e%20servidor%20%28R%24%20599/ano%20ou%20parcelado%29%2C%20que%20%C3%A9%20a%20taxa%20padr%C3%A3o%20que%20todo%20site%20na%20internet%20precisa%20ter%20para%20ficar%20online%20no%20seu%20nome%20com%20dom%C3%ADnio%20pr%C3%B3prio%20%28.com.br%29.%0A%0AIncluso%3A%20Hospedagem%20r%C3%A1pida%20para%20celular%2C%20suporte%2C%20bot%C3%A3o%20de%20WhatsApp%20e%20presen%C3%A7a%20no%20Google%21%0A%0APosso%20te%20mandar%20a%20pr%C3%A9via%20demonstrativa%20que%20fiz%20para%20a%20Os%20Melhores%20Dentistas%3F
Clnica Odontolgica,Clínica Odontológica em Curitiba | WhatsApp: 41 98868-8164,Curitiba,Centro / Região,"Clínica odontológica em Curitiba, moderna e completa para acolher toda a família. Odontopediatria, O...",SITE ATIVO 📱,https://www.anaarantesodonto.com.br/,(11) 99999-9999,5511999999999,https://www.google.com/maps/search/Clnica%20Odontolgica%20curitiba,"Olá, tudo bem? Meu nome é João, sou da agência Webfy. 🚀

Vi o perfil da Clnica Odontolgica aí em Curitiba no Google e vi que o site de vocês está um pouco desatualizado para celular.

Nós estamos selecionando 5 empresas na região para **GANHAR A CRIAÇÃO DE UM SITE NOVO 100% GRATUITO** para o nosso portfólio deste mês.

Já deixei uma demonstração pronta. Posso te mandar o link para você dar uma olhada sem compromisso?","Show! Como te falei, a **criação e o desenvolvimento do site saem 100% GRATUITOS** (você economiza cerca de R$ 2.000 que é o valor de mercado). 🎁

A única coisa necessária é a taxa anual de hospedagem e servidor (R$ 599/ano ou parcelado), que é a taxa padrão que todo site na internet precisa ter para ficar online no seu nome com domínio próprio (.com.br).

Incluso: Hospedagem rápida para celular, suporte, botão de WhatsApp e presença no Google!

Posso te mandar a prévia demonstrativa que fiz para a Clnica Odontolgica?",https://wa.me/5511999999999?text=Ol%C3%A1%2C%20tudo%20bem%3F%20Meu%20nome%20%C3%A9%20Jo%C3%A3o%2C%20sou%20da%20ag%C3%AAncia%20Webfy.%20%F0%9F%9A%80%0A%0AVi%20o%20perfil%20da%20Clnica%20Odontolgica%20a%C3%AD%20em%20Curitiba%20no%20Google%20e%20vi%20que%20o%20site%20de%20voc%C3%AAs%20est%C3%A1%20um%20pouco%20desatualizado%20para%20celular.%0A%0AN%C3%B3s%20estamos%20selecionando%205%20empresas%20na%20regi%C3%A3o%20para%20%2A%2AGANHAR%20A%20CRIA%C3%87%C3%83O%20DE%20UM%20SITE%20NOVO%20100%25%20GRATUITO%2A%2A%20para%20o%20nosso%20portf%C3%B3lio%20deste%20m%C3%AAs.%0A%0AJ%C3%A1%20deixei%20uma%20demonstra%C3%A7%C3%A3o%20pronta.%20Posso%20te%20mandar%20o%20link%20para%20voc%C3%AA%20dar%20uma%20olhada%20sem%20compromisso%3F,https://wa.me/5511999999999?text=Show%21%20Como%20te%20falei%2C%20a%20%2A%2Acria%C3%A7%C3%A3o%20e%20o%20desenvolvimento%20do%20site%20saem%20100%25%20GRATUITOS%2A%2A%20%28voc%C3%AA%20economiza%20cerca%20de%20R%24%202.000%20que%20%C3%A9%20o%20valor%20de%20mercado%29.%20%F0%9F%8E%81%0A%0AA%20%C3%BAnica%20coisa%20necess%C3%A1ria%20%C3%A9%20a%20taxa%20anual%20de%20hospedagem%20e%20servidor%20%28R%24%20599/ano%20ou%20parcelado%29%2C%20que%20%C3%A9%20a%20taxa%20padr%C3%A3o%20que%20todo%20site%20na%20internet%20precisa%20ter%20para%20ficar%20online%20no%20seu%20nome%20com%20dom%C3%ADnio%20pr%C3%B3prio%20%28.com.br%29.%0A%0AIncluso%3A%20Hospedagem%20r%C3%A1pida%20para%20celular%2C%20suporte%2C%20bot%C3%A3o%20de%20WhatsApp%20e%20presen%C3%A7a%20no%20Google%21%0A%0APosso%20te%20mandar%20a%20pr%C3%A9via%20demonstrativa%20que%20fiz%20para%20a%20Clnica%20Odontolgica%3F
Instituto Odontolgico Edson Coser,Instituto Odontológico Edson Coser - Referência em Curitiba,Curitiba,Centro / Região,"As consultas podem ser agendadas diretamente pelo nosso site, via WhatsApp ou ligando para nossa clí...",SITE ATIVO 📱,https://institutocoser.com.br/,(41) 98444-8862,5541984448862,https://www.google.com/maps/search/Instituto%20Odontolgico%20Edson%20Coser%20curitiba,"Olá, tudo bem? Meu nome é João, sou da agência Webfy. 🚀

Vi o perfil da Instituto Odontolgico Edson Coser aí em Curitiba no Google e vi que o site de vocês está um pouco desatualizado para celular.

Nós estamos selecionando 5 empresas na região para **GANHAR A CRIAÇÃO DE UM SITE NOVO 100% GRATUITO** para o nosso portfólio deste mês.

Já deixei uma demonstração pronta. Posso te mandar o link para você dar uma olhada sem compromisso?","Show! Como te falei, a **criação e o desenvolvimento do site saem 100% GRATUITOS** (você economiza cerca de R$ 2.000 que é o valor de mercado). 🎁

A única coisa necessária é a taxa anual de hospedagem e servidor (R$ 599/ano ou parcelado), que é a taxa padrão que todo site na internet precisa ter para ficar online no seu nome com domínio próprio (.com.br).

Incluso: Hospedagem rápida para celular, suporte, botão de WhatsApp e presença no Google!

Posso te mandar a prévia demonstrativa que fiz para a Instituto Odontolgico Edson Coser?",https://wa.me/5541984448862?text=Ol%C3%A1%2C%20tudo%20bem%3F%20Meu%20nome%20%C3%A9%20Jo%C3%A3o%2C%20sou%20da%20ag%C3%AAncia%20Webfy.%20%F0%9F%9A%80%0A%0AVi%20o%20perfil%20da%20Instituto%20Odontolgico%20Edson%20Coser%20a%C3%AD%20em%20Curitiba%20no%20Google%20e%20vi%20que%20o%20site%20de%20voc%C3%AAs%20est%C3%A1%20um%20pouco%20desatualizado%20para%20celular.%0A%0AN%C3%B3s%20estamos%20selecionando%205%20empresas%20na%20regi%C3%A3o%20para%20%2A%2AGANHAR%20A%20CRIA%C3%87%C3%83O%20DE%20UM%20SITE%20NOVO%20100%25%20GRATUITO%2A%2A%20para%20o%20nosso%20portf%C3%B3lio%20deste%20m%C3%AAs.%0A%0AJ%C3%A1%20deixei%20uma%20demonstra%C3%A7%C3%A3o%20pronta.%20Posso%20te%20mandar%20o%20link%20para%20voc%C3%AA%20dar%20uma%20olhada%20sem%20compromisso%3F,https://wa.me/5541984448862?text=Show%21%20Como%20te%20falei%2C%20a%20%2A%2Acria%C3%A7%C3%A3o%20e%20o%20desenvolvimento%20do%20site%20saem%20100%25%20GRATUITOS%2A%2A%20%28voc%C3%AA%20economiza%20cerca%20de%20R%24%202.000%20que%20%C3%A9%20o%20valor%20de%20mercado%29.%20%F0%9F%8E%81%0A%0AA%20%C3%BAnica%20coisa%20necess%C3%A1ria%20%C3%A9%20a%20taxa%20anual%20de%20hospedagem%20e%20servidor%20%28R%24%20599/ano%20ou%20parcelado%29%2C%20que%20%C3%A9%20a%20taxa%20padr%C3%A3o%20que%20todo%20site%20na%20internet%20precisa%20ter%20para%20ficar%20online%20no%20seu%20nome%20com%20dom%C3%ADnio%20pr%C3%B3prio%20%28.com.br%29.%0A%0AIncluso%3A%20Hospedagem%20r%C3%A1pida%20para%20celular%2C%20suporte%2C%20bot%C3%A3o%20de%20WhatsApp%20e%20presen%C3%A7a%20no%20Google%21%0A%0APosso%20te%20mandar%20a%20pr%C3%A9via%20demonstrativa%20que%20fiz%20para%20a%20Instituto%20Odontolgico%20Edson%20Coser%3F
Anelise Fengler Ortodontia,Anelise Fengler Ortodontia - Dentista Curitiba,Curitiba,Centro / Região,"Cândido de Abreu, 776/201 - Centro Cívico - Curitiba/PR....",SITE ATIVO 📱,https://www.anelisefengler.com.br/,(41) 99107-2120,5541991072120,https://www.google.com/maps/search/Anelise%20Fengler%20Ortodontia%20curitiba,"Olá, tudo bem? Meu nome é João, sou da agência Webfy. 🚀

Vi o perfil da Anelise Fengler Ortodontia aí em Curitiba no Google e vi que o site de vocês está um pouco desatualizado para celular.

Nós estamos selecionando 5 empresas na região para **GANHAR A CRIAÇÃO DE UM SITE NOVO 100% GRATUITO** para o nosso portfólio deste mês.

Já deixei uma demonstração pronta. Posso te mandar o link para você dar uma olhada sem compromisso?","Show! Como te falei, a **criação e o desenvolvimento do site saem 100% GRATUITOS** (você economiza cerca de R$ 2.000 que é o valor de mercado). 🎁

A única coisa necessária é a taxa anual de hospedagem e servidor (R$ 599/ano ou parcelado), que é a taxa padrão que todo site na internet precisa ter para ficar online no seu nome com domínio próprio (.com.br).

Incluso: Hospedagem rápida para celular, suporte, botão de WhatsApp e presença no Google!

Posso te mandar a prévia demonstrativa que fiz para a Anelise Fengler Ortodontia?",https://wa.me/5541991072120?text=Ol%C3%A1%2C%20tudo%20bem%3F%20Meu%20nome%20%C3%A9%20Jo%C3%A3o%2C%20sou%20da%20ag%C3%AAncia%20Webfy.%20%F0%9F%9A%80%0A%0AVi%20o%20perfil%20da%20Anelise%20Fengler%20Ortodontia%20a%C3%AD%20em%20Curitiba%20no%20Google%20e%20vi%20que%20o%20site%20de%20voc%C3%AAs%20est%C3%A1%20um%20pouco%20desatualizado%20para%20celular.%0A%0AN%C3%B3s%20estamos%20selecionando%205%20empresas%20na%20regi%C3%A3o%20para%20%2A%2AGANHAR%20A%20CRIA%C3%87%C3%83O%20DE%20UM%20SITE%20NOVO%20100%25%20GRATUITO%2A%2A%20para%20o%20nosso%20portf%C3%B3lio%20deste%20m%C3%AAs.%0A%0AJ%C3%A1%20deixei%20uma%20demonstra%C3%A7%C3%A3o%20pronta.%20Posso%20te%20mandar%20o%20link%20para%20voc%C3%AA%20dar%20uma%20olhada%20sem%20compromisso%3F,https://wa.me/5541991072120?text=Show%21%20Como%20te%20falei%2C%20a%20%2A%2Acria%C3%A7%C3%A3o%20e%20o%20desenvolvimento%20do%20site%20saem%20100%25%20GRATUITOS%2A%2A%20%28voc%C3%AA%20economiza%20cerca%20de%20R%24%202.000%20que%20%C3%A9%20o%20valor%20de%20mercado%29.%20%F0%9F%8E%81%0A%0AA%20%C3%BAnica%20coisa%20necess%C3%A1ria%20%C3%A9%20a%20taxa%20anual%20de%20hospedagem%20e%20servidor%20%28R%24%20599/ano%20ou%20parcelado%29%2C%20que%20%C3%A9%20a%20taxa%20padr%C3%A3o%20que%20todo%20site%20na%20internet%20precisa%20ter%20para%20ficar%20online%20no%20seu%20nome%20com%20dom%C3%ADnio%20pr%C3%B3prio%20%28.com.br%29.%0A%0AIncluso%3A%20Hospedagem%20r%C3%A1pida%20para%20celular%2C%20suporte%2C%20bot%C3%A3o%20de%20WhatsApp%20e%20presen%C3%A7a%20no%20Google%21%0A%0APosso%20te%20mandar%20a%20pr%C3%A9via%20demonstrativa%20que%20fiz%20para%20a%20Anelise%20Fengler%20Ortodontia%3F
Fujikawa Odontologia Dentista,Fujikawa Odontologia Dentista em Curitiba,Curitiba,Centro / Região,"Dr. Alexandre S. Fujikawa é graduado pela Universidade Federal do Paraná, com experiência em cirurgi...",SITE ATIVO 📱,https://fujikawaodontologia.com.br/,(41) 98825-8833,5541988258833,https://www.google.com/maps/search/Fujikawa%20Odontologia%20Dentista%20curitiba,"Olá, tudo bem? Meu nome é João, sou da agência Webfy. 🚀

Vi o perfil da Fujikawa Odontologia Dentista aí em Curitiba no Google e vi que o site de vocês está um pouco desatualizado para celular.

Nós estamos selecionando 5 empresas na região para **GANHAR A CRIAÇÃO DE UM SITE NOVO 100% GRATUITO** para o nosso portfólio deste mês.

Já deixei uma demonstração pronta. Posso te mandar o link para você dar uma olhada sem compromisso?","Show! Como te falei, a **criação e o desenvolvimento do site saem 100% GRATUITOS** (você economiza cerca de R$ 2.000 que é o valor de mercado). 🎁

A única coisa necessária é a taxa anual de hospedagem e servidor (R$ 599/ano ou parcelado), que é a taxa padrão que todo site na internet precisa ter para ficar online no seu nome com domínio próprio (.com.br).

Incluso: Hospedagem rápida para celular, suporte, botão de WhatsApp e presença no Google!

Posso te mandar a prévia demonstrativa que fiz para a Fujikawa Odontologia Dentista?",https://wa.me/5541988258833?text=Ol%C3%A1%2C%20tudo%20bem%3F%20Meu%20nome%20%C3%A9%20Jo%C3%A3o%2C%20sou%20da%20ag%C3%AAncia%20Webfy.%20%F0%9F%9A%80%0A%0AVi%20o%20perfil%20da%20Fujikawa%20Odontologia%20Dentista%20a%C3%AD%20em%20Curitiba%20no%20Google%20e%20vi%20que%20o%20site%20de%20voc%C3%AAs%20est%C3%A1%20um%20pouco%20desatualizado%20para%20celular.%0A%0AN%C3%B3s%20estamos%20selecionando%205%20empresas%20na%20regi%C3%A3o%20para%20%2A%2AGANHAR%20A%20CRIA%C3%87%C3%83O%20DE%20UM%20SITE%20NOVO%20100%25%20GRATUITO%2A%2A%20para%20o%20nosso%20portf%C3%B3lio%20deste%20m%C3%AAs.%0A%0AJ%C3%A1%20deixei%20uma%20demonstra%C3%A7%C3%A3o%20pronta.%20Posso%20te%20mandar%20o%20link%20para%20voc%C3%AA%20dar%20uma%20olhada%20sem%20compromisso%3F,https://wa.me/5541988258833?text=Show%21%20Como%20te%20falei%2C%20a%20%2A%2Acria%C3%A7%C3%A3o%20e%20o%20desenvolvimento%20do%20site%20saem%20100%25%20GRATUITOS%2A%2A%20%28voc%C3%AA%20economiza%20cerca%20de%20R%24%202.000%20que%20%C3%A9%20o%20valor%20de%20mercado%29.%20%F0%9F%8E%81%0A%0AA%20%C3%BAnica%20coisa%20necess%C3%A1ria%20%C3%A9%20a%20taxa%20anual%20de%20hospedagem%20e%20servidor%20%28R%24%20599/ano%20ou%20parcelado%29%2C%20que%20%C3%A9%20a%20taxa%20padr%C3%A3o%20que%20todo%20site%20na%20internet%20precisa%20ter%20para%20ficar%20online%20no%20seu%20nome%20com%20dom%C3%ADnio%20pr%C3%B3prio%20%28.com.br%29.%0A%0AIncluso%3A%20Hospedagem%20r%C3%A1pida%20para%20celular%2C%20suporte%2C%20bot%C3%A3o%20de%20WhatsApp%20e%20presen%C3%A7a%20no%20Google%21%0A%0APosso%20te%20mandar%20a%20pr%C3%A9via%20demonstrativa%20que%20fiz%20para%20a%20Fujikawa%20Odontologia%20Dentista%3F
Maxiclin Odontologia,Maxiclin Odontologia Curitiba | Excelência em Odontologia,Curitiba,Centro / Região,A Maxiclin é uma clínica de odontologia em Curitiba que oferece atendimento odontológico interdiscip...,SITE ATIVO 📱,https://www.maxiclin.com.br/,(41) 98519-4512,5541985194512,https://www.google.com/maps/search/Maxiclin%20Odontologia%20Curitiba%20curitiba,"Olá, tudo bem? Meu nome é João, sou da agência Webfy. 🚀

Vi o perfil da Maxiclin Odontologia Curitiba aí em Curitiba no Google e vi que o site de vocês está um pouco desatualizado para celular.

Nós estamos selecionando 5 empresas na região para **GANHAR A CRIAÇÃO DE UM SITE NOVO 100% GRATUITO** para o nosso portfólio deste mês.

Já deixei uma demonstração pronta. Posso te mandar o link para você dar uma olhada sem compromisso?","Show! Como te falei, a **criação e o desenvolvimento do site saem 100% GRATUITOS** (você economiza cerca de R$ 2.000 que é o valor de mercado). 🎁

A única coisa necessária é a taxa anual de hospedagem e servidor (R$ 599/ano ou parcelado), que é a taxa padrão que todo site na internet precisa ter para ficar online no seu nome com domínio próprio (.com.br).

Incluso: Hospedagem rápida para celular, suporte, botão de WhatsApp e presença no Google!

Posso te mandar a prévia demonstrativa que fiz para a Maxiclin Odontologia Curitiba?",https://wa.me/5541985194512?text=Ol%C3%A1%2C%20tudo%20bem%3F%20Meu%20nome%20%C3%A9%20Jo%C3%A3o%2C%20sou%20da%20ag%C3%AAncia%20Webfy.%20%F0%9F%9A%80%0A%0AVi%20o%20perfil%20da%20Maxiclin%20Odontologia%20Curitiba%20a%C3%AD%20em%20Curitiba%20no%20Google%20e%20vi%20que%20o%20site%20de%20voc%C3%AAs%20est%C3%A1%20um%20pouco%20desatualizado%20para%20celular.%0A%0AN%C3%B3s%20estamos%20selecionando%205%20empresas%20na%20regi%C3%A3o%20para%20%2A%2AGANHAR%20A%20CRIA%C3%87%C3%83O%20DE%20UM%20SITE%20NOVO%20100%25%20GRATUITO%2A%2A%20para%20o%20nosso%20portf%C3%B3lio%20deste%20m%C3%AAs.%0A%0AJ%C3%A1%20deixei%20uma%20demonstra%C3%A7%C3%A3o%20pronta.%20Posso%20te%20mandar%20o%20link%20para%20voc%C3%AA%20dar%20uma%20olhada%20sem%20compromisso%3F,https://wa.me/5541985194512?text=Show%21%20Como%20te%20falei%2C%20a%20%2A%2Acria%C3%A7%C3%A3o%20e%20o%20desenvolvimento%20do%20site%20saem%20100%25%20GRATUITOS%2A%2A%20%28voc%C3%AA%20economiza%20cerca%20de%20R%24%202.000%20que%20%C3%A9%20o%20valor%20de%20mercado%29.%20%F0%9F%8E%81%0A%0AA%20%C3%BAnica%20coisa%20necess%C3%A1ria%20%C3%A9%20a%20taxa%20anual%20de%20hospedagem%20e%20servidor%20%28R%24%20599/ano%20ou%20parcelado%29%2C%20que%20%C3%A9%20a%20taxa%20padr%C3%A3o%20que%20todo%20site%20na%20internet%20precisa%20ter%20para%20ficar%20online%20no%20seu%20nome%20com%20dom%C3%ADnio%20pr%C3%B3prio%20%28.com.br%29.%0A%0AIncluso%3A%20Hospedagem%20r%C3%A1pida%20para%20celular%2C%20suporte%2C%20bot%C3%A3o%20de%20WhatsApp%20e%20presen%C3%A7a%20no%20Google%21%0A%0APosso%20te%20mandar%20a%20pr%C3%A9via%20demonstrativa%20que%20fiz%20para%20a%20Maxiclin%20Odontologia%20Curitiba%3F
Odontologia Esttica,Odontologia Estética | Clínica Dr. Sérgio Correia | Curitiba,Curitiba,Centro / Região,"Dr. Sérgio Correia, dentista em Curitiba, é especializado em Odontologia Estética, Periodontia e Imp...",SITE ATIVO 📱,https://www.clinicasergiocorreia.com.br/,(41) 98868-8164,5541988688164,https://www.google.com/maps/search/Odontologia%20Esttica%20curitiba,"Olá, tudo bem? Meu nome é João, sou da agência Webfy. 🚀

Vi o perfil da Odontologia Esttica aí em Curitiba no Google e vi que o site de vocês está um pouco desatualizado para celular.

Nós estamos selecionando 5 empresas na região para **GANHAR A CRIAÇÃO DE UM SITE NOVO 100% GRATUITO** para o nosso portfólio deste mês.

Já deixei uma demonstração pronta. Posso te mandar o link para você dar uma olhada sem compromisso?","Show! Como te falei, a **criação e o desenvolvimento do site saem 100% GRATUITOS** (você economiza cerca de R$ 2.000 que é o valor de mercado). 🎁

A única coisa necessária é a taxa anual de hospedagem e servidor (R$ 599/ano ou parcelado), que é a taxa padrão que todo site na internet precisa ter para ficar online no seu nome com domínio próprio (.com.br).

Incluso: Hospedagem rápida para celular, suporte, botão de WhatsApp e presença no Google!

Posso te mandar a prévia demonstrativa que fiz para a Odontologia Esttica?",https://wa.me/5541988688164?text=Ol%C3%A1%2C%20tudo%20bem%3F%20Meu%20nome%20%C3%A9%20Jo%C3%A3o%2C%20sou%20da%20ag%C3%AAncia%20Webfy.%20%F0%9F%9A%80%0A%0AVi%20o%20perfil%20da%20Odontologia%20Esttica%20a%C3%AD%20em%20Curitiba%20no%20Google%20e%20vi%20que%20o%20site%20de%20voc%C3%AAs%20est%C3%A1%20um%20pouco%20desatualizado%20para%20celular.%0A%0AN%C3%B3s%20estamos%20selecionando%205%20empresas%20na%20regi%C3%A3o%20para%20%2A%2AGANHAR%20A%20CRIA%C3%87%C3%83O%20DE%20UM%20SITE%20NOVO%20100%25%20GRATUITO%2A%2A%20para%20o%20nosso%20portf%C3%B3lio%20deste%20m%C3%AAs.%0A%0AJ%C3%A1%20deixei%20uma%20demonstra%C3%A7%C3%A3o%20pronta.%20Posso%20te%20mandar%20o%20link%20para%20voc%C3%AA%20dar%20uma%20olhada%20sem%20compromisso%3F,https://wa.me/5541988688164?text=Show%21%20Como%20te%20falei%2C%20a%20%2A%2Acria%C3%A7%C3%A3o%20e%20o%20desenvolvimento%20do%20site%20saem%20100%25%20GRATUITOS%2A%2A%20%28voc%C3%AA%20economiza%20cerca%20de%20R%24%202.000%20que%20%C3%A9%20o%20valor%20de%20mercado%29.%20%F0%9F%8E%81%0A%0AA%20%C3%BAnica%20coisa%20necess%C3%A1ria%20%C3%A9%20a%20taxa%20anual%20de%20hospedagem%20e%20servidor%20%28R%24%20599/ano%20ou%20parcelado%29%2C%20que%20%C3%A9%20a%20taxa%20padr%C3%A3o%20que%20todo%20site%20na%20internet%20precisa%20ter%20para%20ficar%20online%20no%20seu%20nome%20com%20dom%C3%ADnio%20pr%C3%B3prio%20%28.com.br%29.%0A%0AIncluso%3A%20Hospedagem%20r%C3%A1pida%20para%20celular%2C%20suporte%2C%20bot%C3%A3o%20de%20WhatsApp%20e%20presen%C3%A7a%20no%20Google%21%0A%0APosso%20te%20mandar%20a%20pr%C3%A9via%20demonstrativa%20que%20fiz%20para%20a%20Odontologia%20Esttica%3F
Dentista,Dentista Curitiba - Dentista em Curitiba - Dr. Allan Pizzamiglio,Curitiba,Centro / Região,Dentista em Curitiba? Tratamentos modernos e técnicas avançadas. A Clínica de Odontologia completa p...,SITE ATIVO 📱,https://clinicadentistacuritiba.com.br/,(41) 98834-6122,5541988346122,https://www.google.com/maps/search/Dentista%20Curitiba%20curitiba,"Olá, tudo bem? Meu nome é João, sou da agência Webfy. 🚀

Vi o perfil da Dentista Curitiba aí em Curitiba no Google e vi que o site de vocês está um pouco desatualizado para celular.

Nós estamos selecionando 5 empresas na região para **GANHAR A CRIAÇÃO DE UM SITE NOVO 100% GRATUITO** para o nosso portfólio deste mês.

Já deixei uma demonstração pronta. Posso te mandar o link para você dar uma olhada sem compromisso?","Show! Como te falei, a **criação e o desenvolvimento do site saem 100% GRATUITOS** (você economiza cerca de R$ 2.000 que é o valor de mercado). 🎁

A única coisa necessária é a taxa anual de hospedagem e servidor (R$ 599/ano ou parcelado), que é a taxa padrão que todo site na internet precisa ter para ficar online no seu nome com domínio próprio (.com.br).

Incluso: Hospedagem rápida para celular, suporte, botão de WhatsApp e presença no Google!

Posso te mandar a prévia demonstrativa que fiz para a Dentista Curitiba?",https://wa.me/5541988346122?text=Ol%C3%A1%2C%20tudo%20bem%3F%20Meu%20nome%20%C3%A9%20Jo%C3%A3o%2C%20sou%20da%20ag%C3%AAncia%20Webfy.%20%F0%9F%9A%80%0A%0AVi%20o%20perfil%20da%20Dentista%20Curitiba%20a%C3%AD%20em%20Curitiba%20no%20Google%20e%20vi%20que%20o%20site%20de%20voc%C3%AAs%20est%C3%A1%20um%20pouco%20desatualizado%20para%20celular.%0A%0AN%C3%B3s%20estamos%20selecionando%205%20empresas%20na%20regi%C3%A3o%20para%20%2A%2AGANHAR%20A%20CRIA%C3%87%C3%83O%20DE%20UM%20SITE%20NOVO%20100%25%20GRATUITO%2A%2A%20para%20o%20nosso%20portf%C3%B3lio%20deste%20m%C3%AAs.%0A%0AJ%C3%A1%20deixei%20uma%20demonstra%C3%A7%C3%A3o%20pronta.%20Posso%20te%20mandar%20o%20link%20para%20voc%C3%AA%20dar%20uma%20olhada%20sem%20compromisso%3F,https://wa.me/5541988346122?text=Show%21%20Como%20te%20falei%2C%20a%20%2A%2Acria%C3%A7%C3%A3o%20e%20o%20desenvolvimento%20do%20site%20saem%20100%25%20GRATUITOS%2A%2A%20%28voc%C3%AA%20economiza%20cerca%20de%20R%24%202.000%20que%20%C3%A9%20o%20valor%20de%20mercado%29.%20%F0%9F%8E%81%0A%0AA%20%C3%BAnica%20coisa%20necess%C3%A1ria%20%C3%A9%20a%20taxa%20anual%20de%20hospedagem%20e%20servidor%20%28R%24%20599/ano%20ou%20parcelado%29%2C%20que%20%C3%A9%20a%20taxa%20padr%C3%A3o%20que%20todo%20site%20na%20internet%20precisa%20ter%20para%20ficar%20online%20no%20seu%20nome%20com%20dom%C3%ADnio%20pr%C3%B3prio%20%28.com.br%29.%0A%0AIncluso%3A%20Hospedagem%20r%C3%A1pida%20para%20celular%2C%20suporte%2C%20bot%C3%A3o%20de%20WhatsApp%20e%20presen%C3%A7a%20no%20Google%21%0A%0APosso%20te%20mandar%20a%20pr%C3%A9via%20demonstrativa%20que%20fiz%20para%20a%20Dentista%20Curitiba%3F
Dentista,Dentista em Curitiba - PR - Página 2: Página 2,Curitiba,Centro / Região,Os melhores médicos especialistas em Dentista em Curitiba - PR para realizar agendar consultas onlin...,SITE ATIVO 📱,https://clinica.work/dentista/curitiba-pr,(41) 98868-8164,5541988688164,https://www.google.com/maps/search/Dentista%20curitiba,"Olá, tudo bem? Meu nome é João, sou da agência Webfy. 🚀

Vi o perfil da Dentista aí em Curitiba no Google e vi que o site de vocês está um pouco desatualizado para celular.

Nós estamos selecionando 5 empresas na região para **GANHAR A CRIAÇÃO DE UM SITE NOVO 100% GRATUITO** para o nosso portfólio deste mês.

Já deixei uma demonstração pronta. Posso te mandar o link para você dar uma olhada sem compromisso?","Show! Como te falei, a **criação e o desenvolvimento do site saem 100% GRATUITOS** (você economiza cerca de R$ 2.000 que é o valor de mercado). 🎁

A única coisa necessária é a taxa anual de hospedagem e servidor (R$ 599/ano ou parcelado), que é a taxa padrão que todo site na internet precisa ter para ficar online no seu nome com domínio próprio (.com.br).

Incluso: Hospedagem rápida para celular, suporte, botão de WhatsApp e presença no Google!

Posso te mandar a prévia demonstrativa que fiz para a Dentista?",https://wa.me/5541988688164?text=Ol%C3%A1%2C%20tudo%20bem%3F%20Meu%20nome%20%C3%A9%20Jo%C3%A3o%2C%20sou%20da%20ag%C3%AAncia%20Webfy.%20%F0%9F%9A%80%0A%0AVi%20o%20perfil%20da%20Dentista%20a%C3%AD%20em%20Curitiba%20no%20Google%20e%20vi%20que%20o%20site%20de%20voc%C3%AAs%20est%C3%A1%20um%20pouco%20desatualizado%20para%20celular.%0A%0AN%C3%B3s%20estamos%20selecionando%205%20empresas%20na%20regi%C3%A3o%20para%20%2A%2AGANHAR%20A%20CRIA%C3%87%C3%83O%20DE%20UM%20SITE%20NOVO%20100%25%20GRATUITO%2A%2A%20para%20o%20nosso%20portf%C3%B3lio%20deste%20m%C3%AAs.%0A%0AJ%C3%A1%20deixei%20uma%20demonstra%C3%A7%C3%A3o%20pronta.%20Posso%20te%20mandar%20o%20link%20para%20voc%C3%AA%20dar%20uma%20olhada%20sem%20compromisso%3F,https://wa.me/5541988688164?text=Show%21%20Como%20te%20falei%2C%20a%20%2A%2Acria%C3%A7%C3%A3o%20e%20o%20desenvolvimento%20do%20site%20saem%20100%25%20GRATUITOS%2A%2A%20%28voc%C3%AA%20economiza%20cerca%20de%20R%24%202.000%20que%20%C3%A9%20o%20valor%20de%20mercado%29.%20%F0%9F%8E%81%0A%0AA%20%C3%BAnica%20coisa%20necess%C3%A1ria%20%C3%A9%20a%20taxa%20anual%20de%20hospedagem%20e%20servidor%20%28R%24%20599/ano%20ou%20parcelado%29%2C%20que%20%C3%A9%20a%20taxa%20padr%C3%A3o%20que%20todo%20site%20na%20internet%20precisa%20ter%20para%20ficar%20online%20no%20seu%20nome%20com%20dom%C3%ADnio%20pr%C3%B3prio%20%28.com.br%29.%0A%0AIncluso%3A%20Hospedagem%20r%C3%A1pida%20para%20celular%2C%20suporte%2C%20bot%C3%A3o%20de%20WhatsApp%20e%20presen%C3%A7a%20no%20Google%21%0A%0APosso%20te%20mandar%20a%20pr%C3%A9via%20demonstrativa%20que%20fiz%20para%20a%20Dentista%3F
Dra. Laila Wadad Makarios,"Dra. Laila Wadad Makarios - Dentista, Curitiba",Curitiba,Centro / Região,Dentista. Curitiba. Começar. Sobre mim. Contato.Atendimento maravilhoso! Tenho sensibilidade e foi a...,SITE ATIVO 📱,https://www.lailamakariosodontologia.com/,(41) 99910-6571,5541999106571,https://www.google.com/maps/search/Dra.%20Laila%20Wadad%20Makarios%20curitiba,"Olá, tudo bem? Meu nome é João, sou da agência Webfy. 🚀

Vi o perfil da Dra. Laila Wadad Makarios aí em Curitiba no Google e vi que o site de vocês está um pouco desatualizado para celular.

Nós estamos selecionando 5 empresas na região para **GANHAR A CRIAÇÃO DE UM SITE NOVO 100% GRATUITO** para o nosso portfólio deste mês.

Já deixei uma demonstração pronta. Posso te mandar o link para você dar uma olhada sem compromisso?","Show! Como te falei, a **criação e o desenvolvimento do site saem 100% GRATUITOS** (você economiza cerca de R$ 2.000 que é o valor de mercado). 🎁

A única coisa necessária é a taxa anual de hospedagem e servidor (R$ 599/ano ou parcelado), que é a taxa padrão que todo site na internet precisa ter para ficar online no seu nome com domínio próprio (.com.br).

Incluso: Hospedagem rápida para celular, suporte, botão de WhatsApp e presença no Google!

Posso te mandar a prévia demonstrativa que fiz para a Dra. Laila Wadad Makarios?",https://wa.me/5541999106571?text=Ol%C3%A1%2C%20tudo%20bem%3F%20Meu%20nome%20%C3%A9%20Jo%C3%A3o%2C%20sou%20da%20ag%C3%AAncia%20Webfy.%20%F0%9F%9A%80%0A%0AVi%20o%20perfil%20da%20Dra.%20Laila%20Wadad%20Makarios%20a%C3%AD%20em%20Curitiba%20no%20Google%20e%20vi%20que%20o%20site%20de%20voc%C3%AAs%20est%C3%A1%20um%20pouco%20desatualizado%20para%20celular.%0A%0AN%C3%B3s%20estamos%20selecionando%205%20empresas%20na%20regi%C3%A3o%20para%20%2A%2AGANHAR%20A%20CRIA%C3%87%C3%83O%20DE%20UM%20SITE%20NOVO%20100%25%20GRATUITO%2A%2A%20para%20o%20nosso%20portf%C3%B3lio%20deste%20m%C3%AAs.%0A%0AJ%C3%A1%20deixei%20uma%20demonstra%C3%A7%C3%A3o%20pronta.%20Posso%20te%20mandar%20o%20link%20para%20voc%C3%AA%20dar%20uma%20olhada%20sem%20compromisso%3F,https://wa.me/5541999106571?text=Show%21%20Como%20te%20falei%2C%20a%20%2A%2Acria%C3%A7%C3%A3o%20e%20o%20desenvolvimento%20do%20site%20saem%20100%25%20GRATUITOS%2A%2A%20%28voc%C3%AA%20economiza%20cerca%20de%20R%24%202.000%20que%20%C3%A9%20o%20valor%20de%20mercado%29.%20%F0%9F%8E%81%0A%0AA%20%C3%BAnica%20coisa%20necess%C3%A1ria%20%C3%A9%20a%20taxa%20anual%20de%20hospedagem%20e%20servidor%20%28R%24%20599/ano%20ou%20parcelado%29%2C%20que%20%C3%A9%20a%20taxa%20padr%C3%A3o%20que%20todo%20site%20na%20internet%20precisa%20ter%20para%20ficar%20online%20no%20seu%20nome%20com%20dom%C3%ADnio%20pr%C3%B3prio%20%28.com.br%29.%0A%0AIncluso%3A%20Hospedagem%20r%C3%A1pida%20para%20celular%2C%20suporte%2C%20bot%C3%A3o%20de%20WhatsApp%20e%20presen%C3%A7a%20no%20Google%21%0A%0APosso%20te%20mandar%20a%20pr%C3%A9via%20demonstrativa%20que%20fiz%20para%20a%20Dra.%20Laila%20Wadad%20Makarios%3F
Odontocin,Odontocin — Dentista em Curitiba,Curitiba,Centro / Região,"Dentista em Curitiba. Sorrir é mais do que estética: é confiança, saúde e autoestima. Agende agora n...",SITE ATIVO 📱,https://odontocin.com/,(41) 98411-3627,5541984113627,https://www.google.com/maps/search/Odontocin%20curitiba,"Olá, tudo bem? Meu nome é João, sou da agência Webfy. 🚀

Vi o perfil da Odontocin aí em Curitiba no Google e vi que o site de vocês está um pouco desatualizado para celular.

Nós estamos selecionando 5 empresas na região para **GANHAR A CRIAÇÃO DE UM SITE NOVO 100% GRATUITO** para o nosso portfólio deste mês.

Já deixei uma demonstração pronta. Posso te mandar o link para você dar uma olhada sem compromisso?","Show! Como te falei, a **criação e o desenvolvimento do site saem 100% GRATUITOS** (você economiza cerca de R$ 2.000 que é o valor de mercado). 🎁

A única coisa necessária é a taxa anual de hospedagem e servidor (R$ 599/ano ou parcelado), que é a taxa padrão que todo site na internet precisa ter para ficar online no seu nome com domínio próprio (.com.br).

Incluso: Hospedagem rápida para celular, suporte, botão de WhatsApp e presença no Google!

Posso te mandar a prévia demonstrativa que fiz para a Odontocin?",https://wa.me/5541984113627?text=Ol%C3%A1%2C%20tudo%20bem%3F%20Meu%20nome%20%C3%A9%20Jo%C3%A3o%2C%20sou%20da%20ag%C3%AAncia%20Webfy.%20%F0%9F%9A%80%0A%0AVi%20o%20perfil%20da%20Odontocin%20a%C3%AD%20em%20Curitiba%20no%20Google%20e%20vi%20que%20o%20site%20de%20voc%C3%AAs%20est%C3%A1%20um%20pouco%20desatualizado%20para%20celular.%0A%0AN%C3%B3s%20estamos%20selecionando%205%20empresas%20na%20regi%C3%A3o%20para%20%2A%2AGANHAR%20A%20CRIA%C3%87%C3%83O%20DE%20UM%20SITE%20NOVO%20100%25%20GRATUITO%2A%2A%20para%20o%20nosso%20portf%C3%B3lio%20deste%20m%C3%AAs.%0A%0AJ%C3%A1%20deixei%20uma%20demonstra%C3%A7%C3%A3o%20pronta.%20Posso%20te%20mandar%20o%20link%20para%20voc%C3%AA%20dar%20uma%20olhada%20sem%20compromisso%3F,https://wa.me/5541984113627?text=Show%21%20Como%20te%20falei%2C%20a%20%2A%2Acria%C3%A7%C3%A3o%20e%20o%20desenvolvimento%20do%20site%20saem%20100%25%20GRATUITOS%2A%2A%20%28voc%C3%AA%20economiza%20cerca%20de%20R%24%202.000%20que%20%C3%A9%20o%20valor%20de%20mercado%29.%20%F0%9F%8E%81%0A%0AA%20%C3%BAnica%20coisa%20necess%C3%A1ria%20%C3%A9%20a%20taxa%20anual%20de%20hospedagem%20e%20servidor%20%28R%24%20599/ano%20ou%20parcelado%29%2C%20que%20%C3%A9%20a%20taxa%20padr%C3%A3o%20que%20todo%20site%20na%20internet%20precisa%20ter%20para%20ficar%20online%20no%20seu%20nome%20com%20dom%C3%ADnio%20pr%C3%B3prio%20%28.com.br%29.%0A%0AIncluso%3A%20Hospedagem%20r%C3%A1pida%20para%20celular%2C%20suporte%2C%20bot%C3%A3o%20de%20WhatsApp%20e%20presen%C3%A7a%20no%20Google%21%0A%0APosso%20te%20mandar%20a%20pr%C3%A9via%20demonstrativa%20que%20fiz%20para%20a%20Odontocin%3F
Vital Smile,VITAL SMILE - DENTISTA CURITIBA · 4.9★ (4) · Clínico Geral em Cen,Curitiba,Centro / Região,O contato pode ser feito por telefone ou WhatsApp diretamente pela página do profissional. Use o Den...,SITE ATIVO 📱,https://dentmap.com.br/dentistas/curitiba/vital-smile-dentista-curitiba-d2fc231b,(41) 99802-3524,5541998023524,https://www.google.com/maps/search/VITAL%20SMILE%20curitiba,"Olá, tudo bem? Meu nome é João, sou da agência Webfy. 🚀

Vi o perfil da VITAL SMILE aí em Curitiba no Google e vi que o site de vocês está um pouco desatualizado para celular.

Nós estamos selecionando 5 empresas na região para **GANHAR A CRIAÇÃO DE UM SITE NOVO 100% GRATUITO** para o nosso portfólio deste mês.

Já deixei uma demonstração pronta. Posso te mandar o link para você dar uma olhada sem compromisso?","Show! Como te falei, a **criação e o desenvolvimento do site saem 100% GRATUITOS** (você economiza cerca de R$ 2.000 que é o valor de mercado). 🎁

A única coisa necessária é a taxa anual de hospedagem e servidor (R$ 599/ano ou parcelado), que é a taxa padrão que todo site na internet precisa ter para ficar online no seu nome com domínio próprio (.com.br).

Incluso: Hospedagem rápida para celular, suporte, botão de WhatsApp e presença no Google!

Posso te mandar a prévia demonstrativa que fiz para a VITAL SMILE?",https://wa.me/5541998023524?text=Ol%C3%A1%2C%20tudo%20bem%3F%20Meu%20nome%20%C3%A9%20Jo%C3%A3o%2C%20sou%20da%20ag%C3%AAncia%20Webfy.%20%F0%9F%9A%80%0A%0AVi%20o%20perfil%20da%20VITAL%20SMILE%20a%C3%AD%20em%20Curitiba%20no%20Google%20e%20vi%20que%20o%20site%20de%20voc%C3%AAs%20est%C3%A1%20um%20pouco%20desatualizado%20para%20celular.%0A%0AN%C3%B3s%20estamos%20selecionando%205%20empresas%20na%20regi%C3%A3o%20para%20%2A%2AGANHAR%20A%20CRIA%C3%87%C3%83O%20DE%20UM%20SITE%20NOVO%20100%25%20GRATUITO%2A%2A%20para%20o%20nosso%20portf%C3%B3lio%20deste%20m%C3%AAs.%0A%0AJ%C3%A1%20deixei%20uma%20demonstra%C3%A7%C3%A3o%20pronta.%20Posso%20te%20mandar%20o%20link%20para%20voc%C3%AA%20dar%20uma%20olhada%20sem%20compromisso%3F,https://wa.me/5541998023524?text=Show%21%20Como%20te%20falei%2C%20a%20%2A%2Acria%C3%A7%C3%A3o%20e%20o%20desenvolvimento%20do%20site%20saem%20100%25%20GRATUITOS%2A%2A%20%28voc%C3%AA%20economiza%20cerca%20de%20R%24%202.000%20que%20%C3%A9%20o%20valor%20de%20mercado%29.%20%F0%9F%8E%81%0A%0AA%20%C3%BAnica%20coisa%20necess%C3%A1ria%20%C3%A9%20a%20taxa%20anual%20de%20hospedagem%20e%20servidor%20%28R%24%20599/ano%20ou%20parcelado%29%2C%20que%20%C3%A9%20a%20taxa%20padr%C3%A3o%20que%20todo%20site%20na%20internet%20precisa%20ter%20para%20ficar%20online%20no%20seu%20nome%20com%20dom%C3%ADnio%20pr%C3%B3prio%20%28.com.br%29.%0A%0AIncluso%3A%20Hospedagem%20r%C3%A1pida%20para%20celular%2C%20suporte%2C%20bot%C3%A3o%20de%20WhatsApp%20e%20presen%C3%A7a%20no%20Google%21%0A%0APosso%20te%20mandar%20a%20pr%C3%A9via%20demonstrativa%20que%20fiz%20para%20a%20VITAL%20SMILE%3F
